msft.channel	1596866400	0
msft.channel	1596870000	0
msft.channel	1596873600	0
msft.channel	1596877200	0
channel.fmci	1596398400	0
channel.fmci	1596697200	1.7442637782883004
channel.fmci	1596700800	1.2428856880081411
channel.fmci	1596240000	31.120308374300443
channel.fmci	1596243600	29.02247031392517
channel.fmci	1596247200	29.74623363322397
channel.fmci	1596250800	27.034892404700557
channel.fmci	1596254400	24.500968027213858
channel.fmci	1596258000	28.002097820146822
channel.fmci	1596261600	21.886994619859035
channel.fmci	1596265200	23.33113509907658
channel.fmci	1596268800	20.203489904200158
channel.fmci	1596272400	23.621667088303433
channel.fmci	1596276000	24.8043875579552
channel.fmci	1596279600	23.932049811493762
channel.fmci	1596283200	18.19279775031613
channel.fmci	1596286800	21.042710985788677
channel.fmci	1596290400	21.224635707978177
channel.fmci	1596294000	15.647673049904125
channel.fmci	1596297600	15.991034360050275
channel.fmci	1596301200	16.632616928133576
channel.fmci	1596304800	13.79527933250777
channel.fmci	1596308400	15.825885671872802
channel.fmci	1596312000	14.626236944420555
channel.fmci	1596315600	15.636183816286922
channel.fmci	1596319200	14.251925172844546
channel.fmci	1596322800	12.647595304618205
channel.fmci	1596326400	12.516556670729074
channel.fmci	1596330000	12.90543553198647
channel.fmci	1596333600	12.72819995329858
channel.fmci	1596337200	13.701336728565183
channel.fmci	1596340800	14.103970655111834
channel.fmci	1596344400	14.144527933031382
channel.fmci	1596348000	13.911386274296632
channel.fmci	1596351600	18.86650856961686
channel.fmci	1596355200	17.2313793773747
channel.fmci	1596358800	20.770998518906552
channel.fmci	1596362400	21.30798065434885
channel.fmci	1596366000	19.96707313726332
channel.fmci	1596369600	23.579774160994308
channel.fmci	1596373200	22.240892034378824
channel.fmci	1596376800	20.682118739553676
channel.fmci	1596380400	22.859041720366875
channel.fmci	1596384000	22.73258151055591
channel.fmci	1596387600	27.67158056000812
channel.fmci	1596391200	27.72746888994856
channel.fmci	1596394800	23.449543897999945
channel.fmci	1596402000	28.170681948730813
channel.fmci	1596405600	27.095566096138384
channel.fmci	1596409200	27.482141398135926
channel.fmci	1596412800	27.89010078895632
channel.fmci	1596416400	31.68303167394327
channel.fmci	1596420000	28.426365635324043
channel.fmci	1596423600	31.38541942194104
channel.fmci	1596427200	30.70939717059651
channel.fmci	1596430800	30.44991584328193
channel.fmci	1596434400	31.915632089674688
channel.fmci	1596438000	31.46263081903207
channel.fmci	1596441600	31.75658505598504
channel.fmci	1596445200	29.557832498482426
channel.fmci	1596448800	29.80008089238382
channel.fmci	1596452400	31.94456580045063
channel.fmci	1596456000	31.4671896166611
channel.fmci	1596459600	26.539258418269835
channel.fmci	1596463200	26.504556315890902
channel.fmci	1596466800	30.259926664143553
channel.fmci	1596470400	29.367290237035235
channel.fmci	1596474000	23.19205132009057
channel.fmci	1596477600	25.21777168062468
channel.fmci	1596481200	26.81841044949832
channel.fmci	1596484800	24.217502441297476
channel.fmci	1596488400	24.47383974627603
channel.fmci	1596492000	23.44053270227301
channel.fmci	1596495600	18.21502267435411
channel.fmci	1596499200	22.00520627411646
channel.fmci	1596502800	21.22593186549535
channel.fmci	1596506400	17.739499308748652
channel.fmci	1596510000	17.68431044339022
channel.fmci	1596513600	16.974804319334854
channel.fmci	1596517200	15.68889931570227
channel.fmci	1596520800	15.271730337906167
channel.fmci	1596524400	13.790475647539843
channel.fmci	1596528000	12.747239226673722
channel.fmci	1596531600	12.721458812721462
channel.fmci	1596535200	12.691121064619301
channel.fmci	1596538800	12.677532807543136
channel.fmci	1596542400	12.876050305522295
channel.fmci	1596546000	13.13694986165812
channel.fmci	1596549600	13.864765687210468
channel.fmci	1596553200	13.831794049962841
channel.fmci	1596556800	13.53501722551449
channel.fmci	1596560400	14.958740168197835
channel.fmci	1596564000	17.96471438113508
channel.fmci	1596567600	15.854146811323707
channel.fmci	1596571200	16.675857823902565
channel.fmci	1596574800	13.828155291073013
channel.fmci	1596578400	14.511051794191573
channel.fmci	1596582000	15.627608760550451
channel.fmci	1596585600	15.342209905987662
channel.fmci	1596589200	24.010337799577208
channel.fmci	1596592800	21.177534133868736
channel.fmci	1596596400	22.024159132008823
channel.fmci	1596600000	28.35584848444735
channel.fmci	1596603600	20.060522911465586
channel.fmci	1596607200	26.028781173190136
channel.fmci	1596610800	23.79605856780993
channel.fmci	1596614400	29.02675956257303
channel.fmci	1596618000	30.770120757674974
channel.fmci	1596621600	28.817285901169473
channel.fmci	1596625200	30.816610553664205
channel.fmci	1596628800	30.421334201387086
channel.fmci	1596632400	29.796406450298132
channel.fmci	1596636000	29.02165439611572
channel.fmci	1596639600	32.50914675610579
channel.fmci	1596643200	32.4986078900252
channel.fmci	1596646800	32.55578358079183
channel.fmci	1596650400	32.048337038735426
channel.fmci	1596654000	32.47320386262631
channel.fmci	1596657600	30.926315190963514
channel.fmci	1596661200	32.570023988197924
channel.fmci	1596664800	32.549617499087155
channel.fmci	1596668400	29.04816946039928
channel.fmci	1596672000	32.34165189073068
channel.fmci	1596675600	30.217488661067623
channel.fmci	1596679200	26.14797660557318
channel.fmci	1596682800	30.612669727411042
channel.fmci	1596686400	26.67409090977206
channel.fmci	1596690000	22.73536761924427
channel.fmci	1596704400	21.78586986438183
channel.fmci	1596708000	20.85272829947423
channel.fmci	1596711600	25.889470632464015
channel.fmci	1596715200	23.9641423728477
channel.fmci	1596718800	23.878024833976173
channel.fmci	1596722400	14.521196456064121
channel.fmci	1596726000	14.702970591328118
channel.fmci	1596729600	16.91833466846038
channel.fmci	1596733200	13.378916768518415
channel.fmci	1596736800	14.04774536883224
channel.fmci	1596740400	17.002029772786983
channel.fmci	1596744000	16.032217200203984
channel.fmci	1596747600	13.017766410044784
channel.fmci	1596751200	13.05656476032472
channel.fmci	1596754800	13.10686695855328
channel.fmci	1596758400	12.931646008848514
channel.fmci	1596762000	13.046134702639282
channel.fmci	1596765600	13.12835432086576
channel.fmci	1596769200	12.929215813679003
channel.fmci	1596772800	13.189873226197694
channel.fmci	1596776400	14.44000387182393
channel.fmci	1596780000	13.88743971668276
channel.fmci	1596783600	13.33551169462673
channel.fmci	1596787200	14.401735099576197
channel.fmci	1596790800	20.03920346692024
channel.fmci	1596794400	22.830821393426582
channel.fmci	1596798000	17.30320975960439
channel.fmci	1596801600	24.81819350732156
channel.fmci	1596805200	23.90270104937631
channel.fmci	1596808800	24.732566509813527
channel.fmci	1596812400	24.333065812213
channel.fmci	1596816000	23.132416743583626
channel.fmci	1596819600	28.522109003412826
channel.fmci	1596823200	23.139336220301654
channel.fmci	1596826800	29.892461744140665
channel.fmci	1596693600	2.080049993352678
channel.fmci	1596830400	25.818370977369945
channel.fmci	1596834000	27.08564108308349
channel.fmci	1596837600	26.64256571155849
channel.fmci	1596841200	31.133438572722106
channel.fmci	1596844800	32.8614578353267
channel.fmci	1596848400	28.738431863254263
channel.fmci	1596852000	30.644891386660944
channel.fmci	1596855600	32.96934479764052
channel.fmci	1596859200	32.821261511594024
channel.fmci	1596862800	32.52305864382942
channel.fmci	1596866400	32.899551466835334
channel.fmci	1596870000	32.31619809524769
channel.fmci	1596873600	32.493877632503676
channel.fmci	1596877200	29.83868602501375
channel.fmci	1596880800	32.57446792138286
channel.fmci	1596884400	32.55913524001394
channel.fmci	1596888000	31.33407989363121
channel.fmci	1596891600	31.442266372719658
channel.fmci	1596895200	29.724967645894093
channel.fmci	1596898800	29.198555298886202
channel.fmci	1596902400	29.250207031771435
channel.fmci	1596906000	25.067746896644497
channel.fmci	1596909600	29.926966467757847
channel.fmci	1596913200	22.14690289381237
channel.fmci	1596916800	19.70366365933008
channel.fmci	1596920400	24.60231065980027
channel.fmci	1596924000	21.511285213269403
channel.fmci	1596927600	19.446057955823537
channel.fmci	1596931200	24.794824180769417
channel.fmci	1596934800	20.62354362487443
channel.fmci	1596938400	16.567853888251374
channel.fmci	1596942000	19.742720405565144
channel.fmci	1596945600	15.201046822492003
channel.fmci	1596949200	13.432488843812157
channel.fmci	1596952800	17.10311999950772
channel.fmci	1596956400	14.445358836159983
channel.fmci	1596960000	14.712850241177136
channel.fmci	1596963600	13.120476624563398
channel.fmci	1596967200	13.305114097125271
channel.fmci	1596970800	13.0910577267124
channel.fmci	1596974400	13.566979222248495
channel.fmci	1596978000	13.312043666864254
channel.fmci	1596981600	13.550274751076122
channel.fmci	1596985200	13.315897274631496
channel.fmci	1596988800	13.741993441522299
channel.fmci	1596992400	16.968214105073994
channel.fmci	1596996000	16.81899264617013
channel.fmci	1596999600	15.30339939315582
channel.fmci	1597003200	15.047344498883069
channel.fmci	1597006800	14.661558563542451
channel.fmci	1597010400	20.85716597010552
channel.fmci	1597014000	18.6517253756098
channel.fmci	1597017600	24.783766454724393
channel.fmci	1597021200	16.745196029265426
channel.fmci	1597024800	18.223140815180976
channel.fmci	1597028400	22.1673171364572
channel.fmci	1597032000	23.376398798901352
channel.fmci	1597035600	25.659054146545664
channel.fmci	1597039200	25.456227576025466
channel.fmci	1597042800	27.80736658760686
channel.fmci	1597046400	31.839783517050133
channel.fmci	1597050000	31.349989353262078
channel.fmci	1597053600	28.836850145478962
channel.fmci	1597057200	29.565743879106098
channel.fmci	1597060800	30.40485534039514
channel.fmci	1597064400	30.26376162726752
channel.fmci	1597068000	33.44929869781571
channel.fmci	1597071600	31.65841529531061
channel.fmci	1597075200	33.27867843528477
channel.fmci	1597078800	32.695954627782505
channel.fmci	1597082400	33.272923588646606
channel.fmci	1597086000	33.196440394309796
channel.fmci	1597089600	32.90394772659819
channel.fmci	1597093200	33.28776477834076
channel.fmci	1597096800	29.910983248416905
channel.fmci	1597100400	28.88743455043302
channel.fmci	1597104000	32.260118404382865
channel.fmci	1597107600	31.11682391696114
channel.fmci	1597111200	29.317926367567875
channel.fmci	1597114800	27.667685373315464
channel.fmci	1597118400	24.635039132979905
channel.fmci	1597122000	28.486653721656864
channel.fmci	1597125600	22.72468536042179
channel.fmci	1597129200	27.935029070675274
channel.fmci	1597132800	19.328555624945697
channel.fmci	1597136400	27.74051469389547
channel.fmci	1597140000	19.385514490004798
channel.fmci	1597143600	23.0044438942801
channel.fmci	1597147200	16.828985052946834
channel.fmci	1597150800	23.49851362596484
channel.fmci	1597154400	20.669051701756757
channel.fmci	1597158000	21.362963050562275
channel.fmci	1597161600	14.380247841999921
channel.fmci	1597165200	18.109270434273448
channel.fmci	1597168800	13.380412521883938
channel.fmci	1597172400	13.28002103383091
channel.fmci	1597176000	15.202202432784713
channel.fmci	1597179600	13.266587220819769
channel.fmci	1597183200	15.226829982723851
channel.fmci	1597186800	14.313802741515
channel.fmci	1597190400	14.128905891404546
channel.fmci	1597194000	14.834926311536378
channel.fmci	1597197600	13.302043815801548
channel.fmci	1597201200	14.3287387216646
channel.fmci	1597204800	15.66433655727121
channel.fmci	1597208400	13.186111658945421
channel.fmci	1597212000	17.065625809394557
channel.fmci	1597215600	18.516072373777526
channel.fmci	1597219200	15.996207224251412
channel.fmci	1597222800	17.805657304013888
channel.fmci	1597226400	15.018303484925564
channel.fmci	1597230000	20.503778865046772
channel.fmci	1597233600	18.789186297005788
channel.fmci	1597237200	23.945769158266195
channel.fmci	1597240800	27.163613210787243
channel.fmci	1597244400	23.974375056201126
channel.fmci	1597248000	22.9756680705362
channel.fmci	1597251600	29.305329682242213
channel.fmci	1597255200	30.63197450865128
channel.fmci	1597258800	30.01627970262107
channel.fmci	1597262400	31.288659986909952
channel.fmci	1597266000	29.53979219950605
channel.fmci	1597269600	27.31628475553114
channel.fmci	1597273200	29.497714079528762
channel.fmci	1597276800	32.72644291680528
channel.fmci	1597280400	32.75523792259299
channel.fmci	1597284000	33.65592198315852
channel.fmci	1597287600	32.14917686081107
channel.fmci	1597291200	32.472390447312655
channel.fmci	1597294800	33.6932864364095
channel.fmci	1597298400	32.62899186435695
channel.fmci	1597302000	33.76085759132733
channel.fmci	1597305600	33.460746124948834
channel.fmci	1597309200	33.65023792223275
channel.fmci	1597312800	33.677750571921386
channel.fmci	1597316400	33.06694612934641
channel.fmci	1597320000	33.70274072864721
channel.fmci	1597323600	33.475106507197545
channel.fmci	1597327200	33.27249944363456
channel.fmci	1597330800	26.914396037372576
channel.fmci	1597334400	31.214860219294614
channel.fmci	1597338000	28.773996867628856
channel.fmci	1597341600	25.19527813089901
channel.fmci	1597345200	23.856423148424945
channel.fmci	1597348800	28.924887233784133
channel.fmci	1597352400	18.695627643453737
channel.fmci	1597356000	22.651975361163302
channel.fmci	1597359600	17.599242322539574
channel.fmci	1597363200	16.251869740766185
channel.fmci	1597366800	21.139022025252252
channel.fmci	1597370400	15.953423119964333
channel.fmci	1597374000	14.56355061216472
channel.fmci	1597377600	19.929858930584285
channel.fmci	1597381200	15.04666255645345
channel.fmci	1597384800	17.893485070011142
channel.fmci	1597388400	13.822758358353198
channel.fmci	1597392000	14.154277872110828
channel.fmci	1597395600	13.666705436176748
channel.fmci	1597399200	14.238064043196395
channel.fmci	1597402800	13.578001474277787
channel.fmci	1597406400	13.846717672387193
channel.fmci	1597410000	14.065017535494
channel.fmci	1597413600	14.167051664075732
channel.fmci	1597417200	15.616184083743642
channel.fmci	1597420800	14.84523322200192
channel.fmci	1597424400	17.621767914030883
channel.fmci	1597428000	16.888001485900176
channel.fmci	1597431600	18.925353196720316
channel.fmci	1597435200	16.55626621105144
channel.fmci	1597438800	17.820224390990628
channel.fmci	1597442400	16.507415304756055
channel.fmci	1597446000	18.106329137830002
channel.fmci	1597449600	17.4216009492679
channel.fmci	1597453200	21.19789060893919
channel.fmci	1597456800	20.690869392781455
channel.fmci	1597460400	24.983423656719363
channel.fmci	1597464000	25.216499515422253
channel.fmci	1597467600	26.073210185625026
channel.fmci	1597471200	22.775027336484023
channel.fmci	1597474800	31.777160913352986
channel.fmci	1597478400	24.780916725353492
channel.fmci	1597482000	30.814078818829966
channel.fmci	1597485600	31.077545983474657
channel.fmci	1597489200	33.616775123787306
channel.fmci	1597492800	33.16888954493042
channel.fmci	1597496400	30.962428846089733
channel.fmci	1597500000	31.084986955628974
channel.fmci	1597503600	34.210477555016574
channel.fmci	1597507200	33.5299858977944
channel.fmci	1597510800	34.17960498384452
channel.fmci	1597514400	33.54244651884237
channel.fmci	1597518000	34.16164663988294
channel.fmci	1597521600	33.92171718049552
channel.fmci	1597525200	32.17559359304927
channel.fmci	1597528800	33.457364898439366
channel.fmci	1597532400	31.63594238317655
channel.fmci	1597536000	33.12958848513096
channel.fmci	1597539600	31.590537265290745
channel.fmci	1597543200	31.03649200850555
channel.fmci	1597546800	32.30258579156901
channel.fmci	1597550400	31.683183391524953
channel.fmci	1597554000	30.06378480755674
channel.fmci	1597557600	27.5256082828082
channel.fmci	1597561200	20.97080484040134
channel.fmci	1597564800	21.445442359847153
channel.fmci	1597568400	19.885860462896993
channel.fmci	1597572000	20.44960811286487
channel.fmci	1597575600	24.30188366184226
channel.fmci	1597579200	19.349279210214398
channel.fmci	1597582800	22.189965709614132
channel.fmci	1597586400	15.472409928951032
channel.fmci	1597590000	16.886884915557502
channel.fmci	1597593600	14.937639538045541
channel.fmci	1597597200	15.631097670921985
channel.fmci	1597600800	17.855144430683662
channel.fmci	1597604400	13.771595402796603
channel.fmci	1597608000	13.447328091635907
channel.fmci	1597611600	13.751855578809543
channel.fmci	1597615200	14.181851228022753
channel.fmci	1597618800	13.47288029745527
channel.fmci	1597622400	13.730756813272588
channel.fmci	1597626000	13.815109053212494
channel.fmci	1597629600	15.826578537952228
channel.fmci	1597633200	16.290556218802486
channel.fmci	1597636800	14.641039375507058
channel.fmci	1597640400	14.47988342761741
channel.fmci	1597644000	19.49165058580938
channel.fmci	1597647600	16.849227041052306
channel.fmci	1597651200	20.706362363834575
channel.fmci	1597654800	15.791373227150878
channel.fmci	1597658400	16.118873639604985
channel.fmci	1597662000	19.553480470342915
channel.fmci	1597665600	24.57018906899051
channel.fmci	1597669200	21.718395519033038
channel.fmci	1597672800	26.506020393035328
channel.fmci	1597676400	24.79395735469143
channel.fmci	1597680000	27.75471175579508
channel.fmci	1597683600	30.177188770172894
channel.fmci	1597687200	26.654723595676064
channel.fmci	1597690800	32.2492777210923
channel.fmci	1597694400	28.34315559373867
channel.fmci	1597698000	30.464413666975094
channel.fmci	1597701600	31.93744735575807
channel.fmci	1597705200	27.407730078424805
channel.fmci	1597708800	31.630326904218848
channel.fmci	1597712400	33.69874913487685
channel.fmci	1597716000	34.17788830822407
channel.fmci	1597719600	34.74536301836254
channel.fmci	1597723200	35.02891669859371
channel.fmci	1597726800	33.846112712808065
channel.fmci	1597730400	34.610633584640276
channel.fmci	1597734000	34.42746490603202
channel.fmci	1597737600	35.91842235826406
channel.fmci	1597741200	35.62351807308641
channel.fmci	1597744800	31.60249530316294
channel.fmci	1597748400	34.26844989099955
channel.fmci	1597752000	37.016885888559855
channel.fmci	1597755600	42.30239277870117
channel.fmci	1597759200	37.745730075500944
channel.fmci	1597762800	35.86731012627373
channel.fmci	1597766400	29.910644370957417
channel.fmci	1597770000	38.7785540641491
channel.fmci	1597773600	37.332472899515665
channel.fmci	1597777200	31.445640164592028
channel.fmci	1597780800	38.47244374885814
channel.fmci	1597784400	42.1100869511718
channel.fmci	1597788000	26.12482575903627
channel.fmci	1597791600	31.41961257974446
channel.fmci	1597795200	25.646570191269802
channel.fmci	1597798800	27.700994517919455
channel.fmci	1597802400	31.77349747053243
channel.fmci	1597806000	30.044482350980978
channel.fmci	1597809600	25.702029326935655
channel.fmci	1597813200	25.59938496621254
channel.fmci	1597816800	24.99444827508017
channel.fmci	1597820400	22.826896430902973
channel.fmci	1597824000	29.9560680200525
channel.fmci	1597827600	25.72737723356958
channel.fmci	1597831200	24.568704060550168
channel.fmci	1597834800	22.98109377210006
channel.fmci	1597838400	23.960153740752624
channel.fmci	1597842000	25.788297105228157
channel.fmci	1597845600	24.004088194178006
channel.fmci	1597849200	24.383096740999115
channel.fmci	1597852800	23.364587218147797
channel.fmci	1597856400	24.112254489803487
channel.fmci	1597860000	24.342013224242894
channel.fmci	1597863600	20.288551676578237
channel.fmci	1597867200	25.31218970086232
channel.fmci	1597870800	24.519312951393896
channel.fmci	1597874400	30.55538491837583
channel.fmci	1597878000	30.701164549957046
channel.fmci	1597881600	30.132955025006677
channel.fmci	1597885200	26.66037834690981
channel.fmci	1597888800	26.63587571891506
channel.fmci	1597892400	29.88655393934727
channel.fmci	1597896000	32.7738333194522
channel.fmci	1597899600	37.700634149259045
channel.fmci	1597903200	48.50260982402354
channel.fmci	1597906800	40.25036977799231
channel.fmci	1597910400	40.56068947893895
channel.fmci	1597914000	46.71127214060782
channel.fmci	1597917600	46.00303997435095
channel.fmci	1597921200	44.331188951431486
channel.fmci	1597924800	45.40678267716939
channel.fmci	1597928400	47.682673786740764
channel.fmci	1597932000	45.697647200567395
channel.fmci	1597935600	51.93295077843834
channel.fmci	1597939200	50.13663106283016
channel.fmci	1597942800	51.71613641312891
channel.fmci	1597946400	51.11912217797432
channel.fmci	1597950000	51.46839485326836
channel.fmci	1597953600	52.49999797051907
channel.fmci	1597957200	51.727687752106704
channel.fmci	1597960800	51.361466427841236
channel.fmci	1597964400	47.837479259351426
channel.fmci	1597968000	53.65000236350129
channel.fmci	1597971600	60.66219056777052
channel.fmci	1597975200	56.161946101786484
channel.fmci	1597978800	50.75921194454759
channel.fmci	1597982400	43.90800948437368
channel.fmci	1597986000	42.02175973010793
channel.fmci	1597989600	50.95488143602118
channel.fmci	1597993200	41.18139678387875
channel.fmci	1597996800	69.88593700522885
channel.fmci	1598000400	43.39457361108387
channel.fmci	1598004000	50.163789987146004
channel.fmci	1598007600	61.2294800387041
channel.fmci	1598011200	45.78412550858875
channel.fmci	1598014800	49.00798818759792
channel.fmci	1598018400	40.78309519060008
channel.fmci	1598022000	49.24195347776144
channel.fmci	1598025600	39.08553691430908
channel.fmci	1598029200	50.88204615809333
channel.fmci	1598032800	44.652286151283604
channel.fmci	1598036400	46.7958054436858
channel.fmci	1598040000	40.87505137729934
channel.fmci	1598043600	36.70036094879844
channel.fmci	1598047200	34.036277843324015
msft.channel	1596240000	396.033734420985
msft.channel	1596243600	416.1586087303332
msft.channel	1596247200	419.80094330280366
msft.channel	1596250800	365.72407748812
msft.channel	1596254400	423.63900734204213
msft.channel	1596258000	393.08339116735726
msft.channel	1596261600	366.0405727676648
msft.channel	1596265200	316.87648548811615
msft.channel	1596268800	375.69696012366546
msft.channel	1596272400	291.71368700213776
msft.channel	1596276000	375.07786315647945
msft.channel	1596279600	250.3413733651957
msft.channel	1596283200	259.4296631812139
msft.channel	1596286800	327.41358254764646
msft.channel	1596290400	229.87115950697194
msft.channel	1596294000	292.6670186867214
msft.channel	1596297600	246.9468545524124
msft.channel	1596301200	213.65435237456757
msft.channel	1596304800	262.1164003339174
msft.channel	1596308400	226.68172903781584
msft.channel	1596312000	212.803372025648
msft.channel	1596315600	195.9504753055517
msft.channel	1596319200	212.22119690280613
msft.channel	1596322800	214.24969708448685
msft.channel	1596326400	205.9856218512936
msft.channel	1596330000	199.4066939460715
msft.channel	1596333600	223.1664049675461
msft.channel	1596337200	217.76155446658186
msft.channel	1596340800	204.9933471735941
msft.channel	1596344400	235.53183153482973
msft.channel	1596348000	266.2959981152128
msft.channel	1596351600	231.54202747177186
msft.channel	1596355200	290.9288197589087
msft.channel	1596358800	228.28384933017264
msft.channel	1596362400	258.1753338036224
msft.channel	1596366000	272.3140017097012
msft.channel	1596369600	238.45445098160172
msft.channel	1596373200	291.47794491704667
msft.channel	1596376800	303.09650067330676
msft.channel	1596380400	330.8971852258577
msft.channel	1596384000	339.9263639157805
msft.channel	1596387600	347.0869252007076
msft.channel	1596391200	292.9337698082336
msft.channel	1596394800	373.3530442469413
msft.channel	1596398400	369.4244650317794
msft.channel	1596402000	409.9263792976824
msft.channel	1596405600	417.8109668558399
msft.channel	1596409200	415.770110600833
msft.channel	1596412800	433.78371927514917
msft.channel	1596416400	421.06291768466025
msft.channel	1596420000	411.26115123335586
msft.channel	1596423600	408.95950848598466
msft.channel	1596427200	397.243117432537
msft.channel	1596430800	424.9993983427879
msft.channel	1596434400	416.32782014496144
msft.channel	1596438000	429.64396920227654
msft.channel	1596441600	409.0325477937646
msft.channel	1596445200	400.7249052550525
msft.channel	1596448800	371.9833605795941
msft.channel	1596452400	401.60203565112926
msft.channel	1596456000	378.74640986156396
msft.channel	1596459600	359.7281674946704
msft.channel	1596463200	312.4387676910625
msft.channel	1596466800	340.1858409770972
msft.channel	1596470400	298.47572117828713
msft.channel	1596474000	290.18585030540527
msft.channel	1596477600	348.122581655894
msft.channel	1596481200	307.89430463871753
msft.channel	1596484800	333.27490655859714
msft.channel	1596488400	310.27123826837976
msft.channel	1596492000	335.2167455769707
msft.channel	1596495600	308.8691520362238
msft.channel	1596499200	246.9801000755806
msft.channel	1596502800	294.18954649757353
msft.channel	1596506400	227.86365237751366
msft.channel	1596510000	204.84091683645892
msft.channel	1596513600	274.3270183371482
msft.channel	1596517200	209.15308391601755
msft.channel	1596520800	212.0038553915126
msft.channel	1596524400	213.50898902287886
msft.channel	1596528000	207.2216941461416
msft.channel	1596531600	205.93519691579826
msft.channel	1596535200	214.82836878312884
msft.channel	1596538800	217.0057706544648
msft.channel	1596542400	201.63433954359334
msft.channel	1596546000	197.804703235376
msft.channel	1596549600	204.63364769796374
msft.channel	1596553200	223.8962096890959
msft.channel	1596556800	196.3432052732751
msft.channel	1596560400	249.02914500307645
msft.channel	1596564000	237.34987318913494
msft.channel	1596567600	212.98502717359315
msft.channel	1596571200	239.40225684231507
msft.channel	1596574800	254.04809379304186
msft.channel	1596578400	251.5470521986939
msft.channel	1596582000	245.58089636225301
msft.channel	1596585600	260.19374691689643
msft.channel	1596589200	282.09840670702545
msft.channel	1596592800	347.8716941256049
msft.channel	1596596400	358.99379532234394
msft.channel	1596600000	352.18238863184433
msft.channel	1596603600	290.6701816646784
msft.channel	1596607200	333.381725207929
msft.channel	1596610800	412.92556873216427
msft.channel	1596614400	353.1279189593335
msft.channel	1596618000	388.5861879309538
msft.channel	1596621600	405.9759669526146
msft.channel	1596625200	420.9533091345527
msft.channel	1596628800	376.1127491875608
msft.channel	1596632400	433.5366914951661
msft.channel	1596636000	440.0975125891066
msft.channel	1596639600	424.4836387560261
msft.channel	1596643200	433.9721793493542
msft.channel	1596646800	441.86188809876325
msft.channel	1596650400	439.35608276753453
msft.channel	1596654000	443.07592094219734
msft.channel	1596657600	443.07635778812744
msft.channel	1596661200	456.1713138725785
msft.channel	1596664800	456.8823080637952
msft.channel	1596668400	457.95389480089284
msft.channel	1596672000	399.396345676671
msft.channel	1596675600	394.2707197474938
msft.channel	1596679200	446.96242408271695
msft.channel	1596682800	438.3248013802694
msft.channel	1596686400	412.1135097553101
msft.channel	1596690000	432.00360081880785
msft.channel	1596693600	416.30871341073794
msft.channel	1596697200	397.1683424741728
msft.channel	1596700800	362.8864632765562
msft.channel	1596704400	315.3315109369454
msft.channel	1596708000	364.0920829890002
msft.channel	1596711600	349.3474057292635
msft.channel	1596715200	371.21310559014705
msft.channel	1596718800	279.07516732580217
msft.channel	1596722400	261.4895087312571
msft.channel	1596726000	313.96459076536416
msft.channel	1596729600	260.5876789875819
msft.channel	1596733200	270.2183451928619
msft.channel	1596736800	293.2137211960723
msft.channel	1596740400	237.65117703413637
msft.channel	1596744000	240.10581497420958
msft.channel	1596747600	245.34405549611648
msft.channel	1596751200	244.61018551632608
msft.channel	1596754800	254.8686064616292
msft.channel	1596758400	247.76824129355788
msft.channel	1596762000	266.91284788075376
msft.channel	1596765600	260.63078943952274
msft.channel	1596769200	276.7761748359885
msft.channel	1596772800	284.5747609758634
msft.channel	1596776400	308.35257627006627
msft.channel	1596780000	322.67973276477517
msft.channel	1596783600	316.36642590984366
msft.channel	1596787200	271.77406009469087
msft.channel	1596790800	307.91992665964085
msft.channel	1596794400	299.83544955517505
msft.channel	1596798000	328.6890951697741
msft.channel	1596801600	302.2191436023333
msft.channel	1596805200	372.09094563046904
msft.channel	1596808800	381.4738478101092
msft.channel	1596812400	394.48536177347205
msft.channel	1596816000	406.5614192577125
msft.channel	1596819600	370.5948748956754
msft.channel	1596823200	451.4550379650955
msft.channel	1596826800	478.87917817828054
msft.channel	1596830400	469.96281561094247
msft.channel	1596834000	465.19552474600823
msft.channel	1596837600	448.4435514790374
msft.channel	1596841200	472.4526570290223
msft.channel	1596844800	488.6496229564886
msft.channel	1596848400	495.8062474714104
msft.channel	1596852000	454.8295890928841
msft.channel	1596855600	464.38821350715006
msft.channel	1596859200	485.26322775823417
msft.channel	1596862800	498.6011610597809
msft.channel	1596880800	507.9032777127517
msft.channel	1596884400	528.8968391679012
msft.channel	1596888000	528.4129188806924
msft.channel	1596891600	526.6014653903383
msft.channel	1596895200	461.858007908696
msft.channel	1596898800	463.78854492095354
msft.channel	1596902400	519.591949066135
msft.channel	1596906000	520.3600046586397
msft.channel	1596909600	481.133723496725
msft.channel	1596913200	379.3165893539809
msft.channel	1596916800	418.82845263841637
msft.channel	1596920400	399.2326359530381
msft.channel	1596924000	402.67867835064936
msft.channel	1596927600	324.10048318327705
msft.channel	1596931200	369.61172489282023
msft.channel	1596934800	418.7047467379444
msft.channel	1596938400	386.1417821153874
msft.channel	1596942000	353.31654629754655
msft.channel	1596945600	335.54986645511565
msft.channel	1596949200	303.9280014913181
msft.channel	1596952800	305.54997012628434
msft.channel	1596956400	294.07788552272785
msft.channel	1596960000	280.73183529731335
msft.channel	1596963600	275.98799178397076
msft.channel	1596967200	275.27968620695594
msft.channel	1596970800	274.5469082131051
msft.channel	1596974400	279.57032466405644
msft.channel	1596978000	281.32660242147085
msft.channel	1596981600	290.0220741990858
msft.channel	1596985200	289.2409238744963
msft.channel	1596988800	313.30378496433883
msft.channel	1596992400	296.91423363293006
msft.channel	1596996000	286.28105389235645
msft.channel	1596999600	298.63262648526177
msft.channel	1597003200	296.1481217695366
msft.channel	1597006800	317.2227212323328
msft.channel	1597010400	341.74140285608377
msft.channel	1597014000	308.58907849236135
msft.channel	1597017600	392.6201240025061
msft.channel	1597021200	423.8063992203162
msft.channel	1597024800	378.5166080426673
msft.channel	1597028400	405.8863066249182
msft.channel	1597032000	402.2898834873483
msft.channel	1597035600	392.5669409900438
msft.channel	1597039200	378.1541867352761
msft.channel	1597042800	390.6196750126141
msft.channel	1597046400	442.9145958336227
msft.channel	1597050000	523.7598018201242
msft.channel	1597053600	512.5815369678797
msft.channel	1597057200	493.0949603942669
msft.channel	1597060800	528.1016642506376
msft.channel	1597064400	493.7728550850891
msft.channel	1597068000	493.83897076930566
msft.channel	1597071600	540.7867810479105
msft.channel	1597075200	536.8845002032631
msft.channel	1597078800	551.2724724890886
msft.channel	1597082400	545.5267985638193
msft.channel	1597086000	542.2066587914718
msft.channel	1597089600	544.4762573367873
msft.channel	1597093200	541.4932219249399
msft.channel	1597096800	558.4564445707571
msft.channel	1597100400	483.33495122728766
msft.channel	1597104000	536.6854320571252
msft.channel	1597107600	540.6369699119338
msft.channel	1597111200	527.3500735058124
msft.channel	1597114800	509.8419634031708
msft.channel	1597118400	518.1362600449626
msft.channel	1597122000	486.1069851552922
msft.channel	1597125600	469.54118987012487
msft.channel	1597129200	495.23830366769806
msft.channel	1597132800	461.4957197690113
msft.channel	1597136400	478.75252376276234
msft.channel	1597140000	390.72321382382216
msft.channel	1597143600	376.75281802795104
msft.channel	1597147200	444.9276858816844
msft.channel	1597150800	362.8029567743215
msft.channel	1597154400	400.77548766273554
msft.channel	1597158000	362.9457408717448
msft.channel	1597161600	283.682054358321
msft.channel	1597165200	279.64548728912877
msft.channel	1597168800	344.90309611462527
msft.channel	1597172400	287.94088943764046
msft.channel	1597176000	314.5438607572806
msft.channel	1597179600	309.3667157778394
msft.channel	1597183200	308.02246735761634
msft.channel	1597186800	292.7122630491818
msft.channel	1597190400	291.6136638555594
msft.channel	1597194000	293.6755293174353
msft.channel	1597197600	288.5556917635532
msft.channel	1597201200	287.40605151164357
msft.channel	1597204800	282.5674633022311
msft.channel	1597208400	296.96229979423845
msft.channel	1597212000	327.35780527458957
msft.channel	1597215600	288.14676361723417
msft.channel	1597219200	376.48013343921855
msft.channel	1597222800	313.76894961111
msft.channel	1597226400	365.4525851156377
msft.channel	1597230000	386.1564783298947
msft.channel	1597233600	454.45032562332506
msft.channel	1597237200	356.2562409768459
msft.channel	1597240800	369.01452273370535
msft.channel	1597244400	413.0591203617945
msft.channel	1597248000	433.3181239995762
msft.channel	1597251600	491.57984363619147
msft.channel	1597255200	419.08913974802283
msft.channel	1597258800	535.4107574149482
msft.channel	1597262400	510.0264090139017
msft.channel	1597266000	499.9003087992492
msft.channel	1597269600	538.4150278276262
msft.channel	1597273200	544.2185077568362
msft.channel	1597276800	544.3193291328407
msft.channel	1597280400	592.313101554773
msft.channel	1597284000	608.7359509478492
msft.channel	1597287600	604.2526201097141
msft.channel	1597291200	602.4535007661553
msft.channel	1597294800	588.1747174440203
msft.channel	1597298400	594.4574538644506
msft.channel	1597302000	613.991839022116
msft.channel	1597305600	616.3436118520224
msft.channel	1597309200	576.4256214829928
msft.channel	1597312800	604.5883909456868
msft.channel	1597316400	573.9452023401526
msft.channel	1597320000	600.1649230407563
msft.channel	1597323600	597.226998161166
msft.channel	1597327200	585.6093224646123
msft.channel	1597330800	570.2188180024696
msft.channel	1597334400	523.1365271094659
msft.channel	1597338000	452.9901303181962
msft.channel	1597341600	460.9586645415691
msft.channel	1597345200	455.46267345569913
msft.channel	1597348800	498.0947733672451
msft.channel	1597352400	504.570182062402
msft.channel	1597356000	402.4191736959415
msft.channel	1597359600	459.5228401746262
msft.channel	1597363200	402.25994067678306
msft.channel	1597366800	382.98356228463604
msft.channel	1597370400	418.80789315884226
msft.channel	1597374000	437.59119543331644
msft.channel	1597377600	397.81250201888736
msft.channel	1597381200	359.4218643899643
msft.channel	1597384800	402.6962089973652
msft.channel	1597388400	398.36388524548113
msft.channel	1597392000	329.0633028150471
msft.channel	1597395600	344.90010122113745
msft.channel	1597399200	328.3240899164889
msft.channel	1597402800	334.12486750949313
msft.channel	1597406400	352.29485043631126
msft.channel	1597410000	349.196345668668
msft.channel	1597413600	339.63974781426873
msft.channel	1597417200	337.22165742053784
msft.channel	1597420800	388.61111208081536
msft.channel	1597424400	426.49279105474477
msft.channel	1597428000	409.7571543481497
msft.channel	1597431600	363.14255975524395
msft.channel	1597435200	361.87968841288296
msft.channel	1597438800	468.101542134374
msft.channel	1597442400	424.989032417264
msft.channel	1597446000	482.2968134460809
msft.channel	1597449600	400.63521982753457
msft.channel	1597453200	558.6692297163501
msft.channel	1597456800	588.3977999626318
msft.channel	1597460400	554.5540300766398
msft.channel	1597464000	525.8045788564183
msft.channel	1597467600	535.3296612648656
msft.channel	1597471200	566.7620557185573
msft.channel	1597474800	637.61274256828
msft.channel	1597478400	682.5197880138273
msft.channel	1597482000	731.8021205577995
msft.channel	1597485600	708.5323416867939
msft.channel	1597489200	713.2381210796204
msft.channel	1597492800	756.192502005515
msft.channel	1597496400	735.300040877642
msft.channel	1597500000	770.8362393910538
msft.channel	1597503600	768.4324622191261
msft.channel	1597507200	741.7126501685415
msft.channel	1597510800	719.3727569720439
msft.channel	1597514400	695.1603410622571
msft.channel	1597518000	686.08317806709
msft.channel	1597521600	680.0886720511367
msft.channel	1597525200	642.4924534297656
msft.channel	1597528800	618.2632221017903
msft.channel	1597532400	696.3064670906995
msft.channel	1597536000	644.6905390126916
msft.channel	1597539600	694.729504846654
msft.channel	1597543200	605.9713991983183
msft.channel	1597546800	569.2364203918996
msft.channel	1597550400	553.6343485670601
msft.channel	1597554000	549.3002398574955
msft.channel	1597557600	583.3403127145659
msft.channel	1597561200	495.40826161828693
msft.channel	1597564800	572.6666632636272
msft.channel	1597568400	384.8403659219009
msft.channel	1597572000	491.4038683542216
msft.channel	1597575600	433.5840371123106
msft.channel	1597579200	362.5195165732287
msft.channel	1597582800	313.299082674213
msft.channel	1597586400	341.0850471985091
msft.channel	1597590000	390.6994487758604
msft.channel	1597593600	335.6030040430563
msft.channel	1597597200	344.46587996271825
msft.channel	1597600800	311.1281936875762
msft.channel	1597604400	355.0105884507096
msft.channel	1597608000	382.2637305536284
msft.channel	1597611600	313.40514916284485
msft.channel	1597615200	340.734060843674
msft.channel	1597618800	330.72583931488504
msft.channel	1597622400	365.46332679525483
msft.channel	1597626000	352.23568194437865
msft.channel	1597629600	359.3025253037508
msft.channel	1597633200	389.5368803238439
msft.channel	1597636800	345.02921758119095
msft.channel	1597640400	370.5891405328431
msft.channel	1597644000	389.9400836439446
msft.channel	1597647600	458.11967854494776
msft.channel	1597651200	395.28708178628574
msft.channel	1597654800	439.77070268870716
msft.channel	1597658400	393.2830983158757
msft.channel	1597662000	443.2726379165755
msft.channel	1597665600	499.31502642607086
msft.channel	1597669200	575.5929439507186
msft.channel	1597672800	598.0827215115312
msft.channel	1597676400	510.942847326227
msft.channel	1597680000	497.11367537762
msft.channel	1597683600	517.4063591332313
msft.channel	1597687200	649.2218189659915
msft.channel	1597690800	562.9506935288014
msft.channel	1597694400	625.6174699460424
msft.channel	1597698000	648.4651717355289
msft.channel	1597701600	691.2365031429814
msft.channel	1597705200	743.9785834145686
msft.channel	1597708800	681.9736186317224
msft.channel	1597712400	727.3684311718561
msft.channel	1597716000	739.7170249799191
msft.channel	1597719600	742.1746664353201
msft.channel	1597723200	755.024366299981
msft.channel	1597726800	754.8864066299657
msft.channel	1597730400	755.7254097016587
msft.channel	1597734000	766.5372083870022
msft.channel	1597737600	756.3612740422659
msft.channel	1597741200	704.5703329819352
msft.channel	1597744800	704.8905441894628
msft.channel	1597748400	702.7960317363198
msft.channel	1597752000	732.1501347663823
msft.channel	1597755600	702.3769128357333
msft.channel	1597759200	735.2307681021372
msft.channel	1597762800	707.3963326809334
msft.channel	1597766400	711.6598939855674
msft.channel	1597770000	704.0545945997557
msft.channel	1597773600	586.9342369680353
msft.channel	1597777200	699.8896925705321
msft.channel	1597780800	605.530388487153
msft.channel	1597784400	629.7200531049737
msft.channel	1597788000	649.7214265259408
msft.channel	1597791600	633.8073738590007
msft.channel	1597795200	568.9695246879007
msft.channel	1597798800	524.0919429446288
msft.channel	1597802400	485.52203753550737
msft.channel	1597806000	567.9838705258676
msft.channel	1597809600	485.0129838205706
msft.channel	1597813200	438.3530689143854
msft.channel	1597816800	548.7478559872784
msft.channel	1597820400	467.01313658039413
msft.channel	1597824000	439.54124795098824
msft.channel	1597827600	473.1166586236674
msft.channel	1597831200	460.07466643000674
msft.channel	1597834800	443.83688994845534
msft.channel	1597838400	455.4799843918231
msft.channel	1597842000	450.6539724881054
msft.channel	1597845600	474.8239123048795
msft.channel	1597849200	518.3335306256915
msft.channel	1597852800	483.2096786140812
msft.channel	1597856400	528.5734308650357
msft.channel	1597860000	528.7332540320801
msft.channel	1597863600	559.0184202395246
msft.channel	1597867200	527.4399813910838
msft.channel	1597870800	585.6119106372266
msft.channel	1597874400	529.41488141781
msft.channel	1597878000	518.8115512309724
msft.channel	1597881600	549.2919189133767
msft.channel	1597885200	582.8385123997563
msft.channel	1597888800	751.5982981883129
msft.channel	1597892400	683.1499638050782
msft.channel	1597896000	724.8815486828742
msft.channel	1597899600	646.0112013637025
msft.channel	1597903200	708.2653039922168
msft.channel	1597906800	660.1450008603533
msft.channel	1597910400	756.9449893327635
msft.channel	1597914000	833.9310024125531
msft.channel	1597917600	789.2748240942683
msft.channel	1597921200	811.1844172442346
msft.channel	1597924800	854.9957599386003
msft.channel	1597928400	895.0417810060211
msft.channel	1597932000	886.6046325351317
msft.channel	1597935600	863.2788976893738
msft.channel	1597939200	845.7049568996982
msft.channel	1597942800	868.5123539378119
msft.channel	1597946400	871.5022567118707
msft.channel	1597950000	857.2634803551932
msft.channel	1597953600	877.257599122139
msft.channel	1597957200	878.6540089699166
msft.channel	1597960800	868.6696509668469
msft.channel	1597964400	887.1764390520634
msft.channel	1597968000	875.5455589903006
msft.channel	1597971600	797.8871103605964
msft.channel	1597975200	779.5405521375395
msft.channel	1597978800	872.7671854017594
msft.channel	1597982400	863.9659866320048
msft.channel	1597986000	907.8108836955154
msft.channel	1597989600	786.8097865714099
msft.channel	1597993200	817.6015341258402
msft.channel	1597996800	876.7604457795478
msft.channel	1598000400	735.7639675365197
msft.channel	1598004000	561.9635494529056
msft.channel	1598007600	511.67342358241893
msft.channel	1598011200	705.9554782710323
msft.channel	1598014800	670.1583388667082
msft.channel	1598018400	576.598543674185
msft.channel	1598022000	578.4429450874302
msft.channel	1598025600	614.5575407611396
msft.channel	1598029200	473.7097135270488
msft.channel	1598032800	509.9489154936798
msft.channel	1598036400	440.4777495914203
msft.channel	1598040000	439.74816744468353
msft.channel	1598043600	471.3996172840298
msft.channel	1598047200	433.31569281650667
pcg.channel	1596240000	152.264409061487
pcg.channel	1596243600	160.3971218549257
pcg.channel	1596247200	143.86691824195563
pcg.channel	1596250800	148.44680049231627
pcg.channel	1596254400	148.7681265397331
pcg.channel	1596258000	142.38021047705496
pcg.channel	1596261600	134.1054730373955
pcg.channel	1596265200	119.29601959679725
pcg.channel	1596268800	110.21510117600437
pcg.channel	1596272400	135.15991986990423
pcg.channel	1596276000	139.5823848236331
pcg.channel	1596279600	141.39606007353063
pcg.channel	1596283200	103.34816574633446
pcg.channel	1596286800	101.19765071241942
pcg.channel	1596290400	87.88270233983607
pcg.channel	1596294000	88.68447966107776
pcg.channel	1596297600	96.75979813880377
pcg.channel	1596301200	105.03371499006352
pcg.channel	1596304800	103.24319173386274
pcg.channel	1596308400	84.78846302488873
pcg.channel	1596312000	94.40438163323721
pcg.channel	1596315600	81.19095035769423
pcg.channel	1596319200	79.88929948248295
pcg.channel	1596322800	85.14430862153543
pcg.channel	1596326400	78.13796079768392
pcg.channel	1596330000	83.96595562447428
pcg.channel	1596333600	77.79517278387877
pcg.channel	1596337200	78.34888207265541
pcg.channel	1596340800	81.09827615919833
pcg.channel	1596344400	81.32816397625915
pcg.channel	1596348000	92.58031276076667
pcg.channel	1596351600	88.49983252702889
pcg.channel	1596355200	89.78055011838543
pcg.channel	1596358800	92.756606140315
pcg.channel	1596362400	64.71689518820658
pcg.channel	1596366000	85.4762038907113
pcg.channel	1596369600	49.62883600919506
pcg.channel	1596373200	30.998393159510805
pcg.channel	1596376800	53.73045330729296
pcg.channel	1596380400	56.85055074336879
pcg.channel	1596384000	52.10655840729532
pcg.channel	1596387600	57.712601677317565
pcg.channel	1596391200	67.26761916380512
pcg.channel	1596394800	67.40889281130491
pcg.channel	1596398400	75.64707558183756
pcg.channel	1596402000	72.3014431872281
pcg.channel	1596405600	79.21682865851469
pcg.channel	1596409200	91.10965317921432
pcg.channel	1596412800	86.9170873331108
pcg.channel	1596416400	84.55866565716092
pcg.channel	1596420000	86.05664525324023
pcg.channel	1596423600	89.74417159232608
pcg.channel	1596427200	90.3507598114373
pcg.channel	1596430800	91.12171960206625
pcg.channel	1596434400	91.59236643664596
pcg.channel	1596438000	92.90908148483861
pcg.channel	1596441600	87.96586681861078
pcg.channel	1596445200	85.10457111558034
pcg.channel	1596448800	74.72969405040708
pcg.channel	1596452400	82.39720610046358
pcg.channel	1596456000	82.16320622953256
pcg.channel	1596459600	77.88647144414078
pcg.channel	1596463200	78.97385297536856
pcg.channel	1596466800	61.9069355584383
pcg.channel	1596470400	73.0638583515992
pcg.channel	1596474000	73.43795581067269
pcg.channel	1596477600	64.89424039129815
pcg.channel	1596481200	66.76719828071406
pcg.channel	1596484800	60.63040530112801
pcg.channel	1596488400	54.45993658444392
pcg.channel	1596492000	51.77617858323996
pcg.channel	1596495600	34.10598292835593
pcg.channel	1596499200	46.22566429650282
pcg.channel	1596502800	29.259841432996964
pcg.channel	1596506400	28.896180394522734
pcg.channel	1596510000	16.37942546488071
pcg.channel	1596513600	9.141307561419957
pcg.channel	1596517200	10.598052086211416
pcg.channel	1596520800	8.988995487826461
pcg.channel	1596524400	9.76485609568031
pcg.channel	1596528000	9.795598959945533
pcg.channel	1596531600	11.156428527010766
pcg.channel	1596535200	19.51039977071394
pcg.channel	1596538800	16.00658380861139
pcg.channel	1596542400	16.760829836423365
pcg.channel	1596546000	19.71592181685854
pcg.channel	1596549600	18.57967825129929
pcg.channel	1596553200	17.80935598110221
pcg.channel	1596556800	22.872166514819764
pcg.channel	1596560400	18.404698891241615
pcg.channel	1596564000	24.157738964168985
pcg.channel	1596567600	19.038348692594948
pcg.channel	1596571200	25.379877366984033
pcg.channel	1596574800	23.78728588665188
pcg.channel	1596578400	21.679734158988257
pcg.channel	1596582000	36.54922960318588
pcg.channel	1596585600	30.24041280656895
pcg.channel	1596589200	40.15832248655143
pcg.channel	1596592800	33.713812453359715
pcg.channel	1596596400	41.73085010886246
pcg.channel	1596600000	41.110060558228774
pcg.channel	1596603600	60.13201958620768
pcg.channel	1596607200	55.7410636991233
pcg.channel	1596610800	56.3218353241867
pcg.channel	1596614400	51.748538394137654
pcg.channel	1596618000	53.04395352857647
pcg.channel	1596621600	54.15060213986395
pcg.channel	1596625200	50.933895122601626
pcg.channel	1596628800	54.729596361476275
pcg.channel	1596632400	57.64175656202121
pcg.channel	1596636000	61.139252569359414
pcg.channel	1596639600	60.547982912369186
pcg.channel	1596643200	63.03952723897298
pcg.channel	1596646800	64.85259998496075
pcg.channel	1596650400	65.00934597705908
pcg.channel	1596654000	66.52949460034928
pcg.channel	1596657600	65.86300971659395
pcg.channel	1596661200	64.23827322774203
pcg.channel	1596664800	66.3890502215086
pcg.channel	1596668400	65.30079102096414
pcg.channel	1596672000	63.93463741208103
pcg.channel	1596675600	60.97062111822291
pcg.channel	1596679200	52.347080263586314
pcg.channel	1596682800	51.69294580314707
pcg.channel	1596686400	58.3608018166719
pcg.channel	1596690000	54.46312192308464
pcg.channel	1596693600	42.49953019575667
pcg.channel	1596697200	48.1146780930392
pcg.channel	1596700800	51.84387878226164
pcg.channel	1596704400	45.31884121826741
pcg.channel	1596708000	37.82958869957532
pcg.channel	1596711600	38.0356046173637
pcg.channel	1596715200	45.11629701043037
pcg.channel	1596718800	33.43424953421318
pcg.channel	1596722400	39.08017544178655
pcg.channel	1596726000	33.85450199919738
pcg.channel	1596729600	38.395922611687546
pcg.channel	1596733200	44.004116010854986
pcg.channel	1596736800	38.18662214450613
pcg.channel	1596740400	33.17780387760751
pcg.channel	1596744000	31.877285986039666
pcg.channel	1596747600	31.748639933426706
pcg.channel	1596751200	31.615813263066375
pcg.channel	1596754800	31.614021016350144
pcg.channel	1596758400	35.87229667641699
pcg.channel	1596762000	34.88194798229944
pcg.channel	1596765600	37.642595682584385
pcg.channel	1596769200	35.0246547740403
pcg.channel	1596772800	34.742281877169276
pcg.channel	1596776400	35.090306291639344
pcg.channel	1596780000	38.090919506175865
pcg.channel	1596783600	36.76052291848855
pcg.channel	1596787200	38.980580065181066
pcg.channel	1596790800	41.29302797623314
pcg.channel	1596794400	46.24644694223262
pcg.channel	1596798000	40.91584142295902
pcg.channel	1596801600	34.536887386638995
pcg.channel	1596805200	33.20350388865283
pcg.channel	1596808800	42.23259858871448
pcg.channel	1596812400	40.33396755689949
pcg.channel	1596816000	50.38110398459137
pcg.channel	1596819600	37.16071896251304
pcg.channel	1596823200	51.13664938974112
pcg.channel	1596826800	57.57612390401866
pcg.channel	1596830400	52.00247352992226
pcg.channel	1596834000	56.50667049040355
pcg.channel	1596837600	50.952184019514554
pcg.channel	1596841200	60.03060447209915
pcg.channel	1596844800	48.41899914629724
pcg.channel	1596848400	53.92430036051763
pcg.channel	1596852000	55.95150864570924
pcg.channel	1596855600	61.07299594440355
pcg.channel	1596859200	64.14064061945385
pcg.channel	1596862800	71.1862856387848
pcg.channel	1596866400	72.3136981875549
pcg.channel	1596870000	68.38493233686012
pcg.channel	1596873600	64.67965749814181
pcg.channel	1596877200	65.40825200545137
pcg.channel	1596880800	59.68625467795074
pcg.channel	1596884400	62.51001988551879
pcg.channel	1596888000	60.468152941819476
pcg.channel	1596891600	56.05452902700685
pcg.channel	1596895200	62.11085169247352
pcg.channel	1596898800	56.51432235102267
pcg.channel	1596902400	62.19387672328027
pcg.channel	1596906000	64.28258060029432
pcg.channel	1596909600	63.06560283315393
pcg.channel	1596913200	55.170620994369315
pcg.channel	1596916800	58.764257544412764
pcg.channel	1596920400	68.66033884672555
pcg.channel	1596924000	45.94970997590517
pcg.channel	1596927600	61.11224387723179
pcg.channel	1596931200	50.49186519480613
pcg.channel	1596934800	42.78007765455065
pcg.channel	1596938400	38.748015397853145
pcg.channel	1596942000	38.95162088512383
pcg.channel	1596945600	33.86571710574632
pcg.channel	1596949200	37.355034471061344
pcg.channel	1596952800	34.537275236468965
pcg.channel	1596956400	30.907294851093503
pcg.channel	1596960000	25.780215681542895
pcg.channel	1596963600	25.749437929137052
pcg.channel	1596967200	26.22842609485219
pcg.channel	1596970800	26.23388278360314
pcg.channel	1596974400	25.53219976969436
pcg.channel	1596978000	26.368284121038403
pcg.channel	1596981600	27.47012231482534
pcg.channel	1596985200	26.933099531793946
pcg.channel	1596988800	30.370815786046663
pcg.channel	1596992400	28.059996067993836
pcg.channel	1596996000	26.174754562187857
pcg.channel	1596999600	26.561546017552175
pcg.channel	1597003200	38.7529879348734
pcg.channel	1597006800	32.65026131956145
pcg.channel	1597010400	37.20320983103228
pcg.channel	1597014000	35.848168323339344
pcg.channel	1597017600	30.652362214973877
pcg.channel	1597021200	38.05637006986122
pcg.channel	1597024800	48.53947427168268
pcg.channel	1597028400	50.472202903384094
pcg.channel	1597032000	34.925683633076304
pcg.channel	1597035600	51.83904408534459
pcg.channel	1597039200	46.8222368859326
pcg.channel	1597042800	38.31165723717234
pcg.channel	1597046400	45.53565648359245
pcg.channel	1597050000	30.90944383246866
pcg.channel	1597053600	35.05300657636394
pcg.channel	1597057200	40.51633046754738
pcg.channel	1597060800	37.151493348582406
pcg.channel	1597064400	34.988900595961155
pcg.channel	1597068000	34.77503377281429
pcg.channel	1597071600	34.046526139588224
pcg.channel	1597075200	35.796186142694786
pcg.channel	1597078800	32.90384918988468
pcg.channel	1597082400	33.471851488511604
pcg.channel	1597086000	34.91524133819254
pcg.channel	1597089600	35.261639340483846
pcg.channel	1597093200	34.948392793150084
pcg.channel	1597096800	32.909370263473754
pcg.channel	1597100400	34.49214669401078
pcg.channel	1597104000	35.16518644381075
pcg.channel	1597107600	34.63147138091152
pcg.channel	1597111200	27.171273358854382
pcg.channel	1597114800	35.465668501391946
pcg.channel	1597118400	32.33981060726616
pcg.channel	1597122000	26.303952188398767
pcg.channel	1597125600	25.749219641878778
pcg.channel	1597129200	30.61657997669333
pcg.channel	1597132800	32.61142695341837
pcg.channel	1597136400	22.659713786939918
pcg.channel	1597140000	24.398188928043933
pcg.channel	1597143600	17.932965989766917
pcg.channel	1597147200	23.773949160616162
pcg.channel	1597150800	22.23890545254077
pcg.channel	1597154400	18.86564656134413
pcg.channel	1597158000	14.03993261711099
pcg.channel	1597161600	16.08363464122222
pcg.channel	1597165200	13.449540948196677
pcg.channel	1597168800	20.080653522792453
pcg.channel	1597172400	18.916287095037717
pcg.channel	1597176000	16.03339333850598
pcg.channel	1597179600	14.473560657983468
pcg.channel	1597183200	10.15830925503622
pcg.channel	1597186800	10.151182244125655
pcg.channel	1597190400	9.707430283637299
pcg.channel	1597194000	10.421447062422782
pcg.channel	1597197600	10.003051920267602
pcg.channel	1597201200	10.534667186995012
pcg.channel	1597204800	10.302215002990199
pcg.channel	1597208400	11.887943476519995
pcg.channel	1597212000	12.015790109952132
pcg.channel	1597215600	15.317306200108371
pcg.channel	1597219200	9.97316082116228
pcg.channel	1597222800	9.37912559282441
pcg.channel	1597226400	7.395636232869004
pcg.channel	1597230000	10.430588413367612
pcg.channel	1597233600	10.782911573023185
pcg.channel	1597237200	11.404654475966145
pcg.channel	1597240800	12.1673738775259
pcg.channel	1597244400	18.793882844503862
pcg.channel	1597248000	15.170067591872076
pcg.channel	1597251600	20.05712698382233
pcg.channel	1597255200	14.125545414903213
pcg.channel	1597258800	19.13388189236974
pcg.channel	1597262400	14.337715751255557
pcg.channel	1597266000	16.808328906583913
pcg.channel	1597269600	18.044527387220846
pcg.channel	1597273200	20.997083135468046
pcg.channel	1597276800	22.57089266749599
pcg.channel	1597280400	21.985364517568005
pcg.channel	1597284000	20.3976266641743
pcg.channel	1597287600	21.315168632288632
pcg.channel	1597291200	22.62520631162098
pcg.channel	1597294800	23.433313862637924
pcg.channel	1597298400	23.850866201157665
pcg.channel	1597302000	23.69627099100603
pcg.channel	1597305600	24.542997487402072
pcg.channel	1597309200	23.876882981362222
pcg.channel	1597312800	25.62051535289723
pcg.channel	1597316400	27.640707460183428
pcg.channel	1597320000	30.696637992273814
pcg.channel	1597323600	29.764475026367773
pcg.channel	1597327200	30.10437578798508
pcg.channel	1597330800	32.63226992086268
pcg.channel	1597334400	38.34298255174639
pcg.channel	1597338000	31.0326774879009
pcg.channel	1597341600	33.27659577235469
pcg.channel	1597345200	28.433121040052345
pcg.channel	1597348800	21.791474889914657
pcg.channel	1597352400	26.667698386972628
pcg.channel	1597356000	27.997515781927532
pcg.channel	1597359600	23.338985486484084
pcg.channel	1597363200	19.895909392425313
pcg.channel	1597366800	18.227938520615073
pcg.channel	1597370400	24.618704133340547
pcg.channel	1597374000	16.687024890413152
pcg.channel	1597377600	16.26428412477339
pcg.channel	1597381200	16.593584956077883
pcg.channel	1597384800	17.31586563199742
pcg.channel	1597388400	14.309464041230028
pcg.channel	1597392000	17.343967922346405
pcg.channel	1597395600	16.214140224305332
pcg.channel	1597399200	13.917324306473033
pcg.channel	1597402800	14.325583907862084
pcg.channel	1597406400	13.720449732475878
pcg.channel	1597410000	14.244517115266326
pcg.channel	1597413600	14.625031124361232
pcg.channel	1597417200	16.567223391971407
pcg.channel	1597420800	17.46727263646944
pcg.channel	1597424400	18.455245360758827
pcg.channel	1597428000	25.34400273647662
pcg.channel	1597431600	19.114669244125004
pcg.channel	1597435200	22.12909466187374
pcg.channel	1597438800	21.9870574037138
pcg.channel	1597442400	28.165990039225765
pcg.channel	1597446000	22.940570067471363
pcg.channel	1597449600	30.978531622746488
pcg.channel	1597453200	26.554528034346795
pcg.channel	1597456800	31.756853680997573
pcg.channel	1597460400	38.72649404893167
pcg.channel	1597464000	39.8161045649699
pcg.channel	1597467600	42.39713342190631
pcg.channel	1597471200	51.26370069841353
pcg.channel	1597474800	45.35994070188039
pcg.channel	1597478400	51.64501658097161
pcg.channel	1597482000	58.826286255197
pcg.channel	1597485600	57.07652918603466
pcg.channel	1597489200	55.2516960416142
pcg.channel	1597492800	50.676267136521574
pcg.channel	1597496400	51.84411568829301
pcg.channel	1597500000	54.494982913607664
pcg.channel	1597503600	58.115606021312914
pcg.channel	1597507200	60.07499588173293
pcg.channel	1597510800	59.783421976436784
pcg.channel	1597514400	58.13486456968539
pcg.channel	1597518000	59.30461920461806
pcg.channel	1597521600	56.352441586343915
pcg.channel	1597525200	55.426142251559675
pcg.channel	1597528800	48.56098726431466
pcg.channel	1597532400	48.66955491601522
pcg.channel	1597536000	41.97642524973031
pcg.channel	1597539600	42.647372966416064
pcg.channel	1597543200	45.540714057499024
pcg.channel	1597546800	44.331387028552534
pcg.channel	1597550400	35.63646178082304
pcg.channel	1597554000	43.20771639358949
pcg.channel	1597557600	36.5762111723433
pcg.channel	1597561200	26.588385115953393
pcg.channel	1597564800	23.39327246430603
pcg.channel	1597568400	21.458153214654793
pcg.channel	1597572000	20.06547040496659
pcg.channel	1597575600	14.95793207269919
pcg.channel	1597579200	17.06348909637181
pcg.channel	1597582800	15.210050068918255
pcg.channel	1597586400	18.215202548102624
pcg.channel	1597590000	13.230941039442978
pcg.channel	1597593600	13.133438818431525
pcg.channel	1597597200	14.813195224298648
pcg.channel	1597600800	17.15594985538461
pcg.channel	1597604400	13.775249914390947
pcg.channel	1597608000	13.829074634392175
pcg.channel	1597611600	10.74071716789856
pcg.channel	1597615200	11.307078439264137
pcg.channel	1597618800	10.021603876276657
pcg.channel	1597622400	12.042187225471935
pcg.channel	1597626000	10.999690207262585
pcg.channel	1597629600	14.73264307447068
pcg.channel	1597633200	16.244128646659746
pcg.channel	1597636800	18.05413306336687
pcg.channel	1597640400	21.022752254029733
pcg.channel	1597644000	20.749396867691388
pcg.channel	1597647600	20.74347513284377
pcg.channel	1597651200	16.568217927317743
pcg.channel	1597654800	17.73676655794968
pcg.channel	1597658400	21.7640541238485
pcg.channel	1597662000	23.620197039563678
pcg.channel	1597665600	22.28665055405142
pcg.channel	1597669200	23.37497484339392
pcg.channel	1597672800	18.91659277366139
pcg.channel	1597676400	19.86736329869508
pcg.channel	1597680000	21.99182014829497
pcg.channel	1597683600	21.49684225227311
pcg.channel	1597687200	25.114905966076705
pcg.channel	1597690800	33.777447604644706
pcg.channel	1597694400	31.89480595921581
pcg.channel	1597698000	31.808463801154804
pcg.channel	1597701600	35.70023086674166
pcg.channel	1597705200	37.666146371074014
pcg.channel	1597708800	35.72388007871079
pcg.channel	1597712400	36.64549055084811
pcg.channel	1597716000	36.43029579504584
pcg.channel	1597719600	36.739506734137294
pcg.channel	1597723200	37.641014126992566
pcg.channel	1597726800	40.84159810845312
pcg.channel	1597730400	38.93244585442365
pcg.channel	1597734000	37.85768302525755
pcg.channel	1597737600	38.8214990187472
pcg.channel	1597741200	38.911028167554434
pcg.channel	1597744800	33.844251297262446
pcg.channel	1597748400	35.742276639611866
pcg.channel	1597752000	35.491601844592
pcg.channel	1597755600	34.19306676286492
pcg.channel	1597759200	31.316496593443752
pcg.channel	1597762800	30.883680404063462
pcg.channel	1597766400	37.55179513029969
pcg.channel	1597770000	30.199736233213265
pcg.channel	1597773600	26.73822476152065
pcg.channel	1597777200	26.714444193533335
pcg.channel	1597780800	30.602219787331403
pcg.channel	1597784400	23.38029010342034
pcg.channel	1597788000	22.295847222582584
pcg.channel	1597791600	20.433042908383047
pcg.channel	1597795200	24.604386288442882
pcg.channel	1597798800	19.11640070170344
pcg.channel	1597802400	16.367127605484914
pcg.channel	1597806000	23.547373095227663
pcg.channel	1597809600	17.118021360909523
pcg.channel	1597813200	19.29707961119537
pcg.channel	1597816800	13.50664053848933
pcg.channel	1597820400	14.07733842178081
pcg.channel	1597824000	16.040249635629294
pcg.channel	1597827600	11.875958716864314
pcg.channel	1597831200	12.970995609022452
pcg.channel	1597834800	11.59980077833673
pcg.channel	1597838400	12.013071779164147
pcg.channel	1597842000	12.322362453703615
pcg.channel	1597845600	14.088199924696593
pcg.channel	1597849200	11.492920326111129
pcg.channel	1597852800	14.165065123634992
pcg.channel	1597856400	15.038979449417578
pcg.channel	1597860000	12.131386911922489
pcg.channel	1597863600	16.10997819670729
pcg.channel	1597867200	19.2216451584701
pcg.channel	1597870800	14.977151775695507
pcg.channel	1597874400	16.465607698852228
pcg.channel	1597878000	21.665400985930294
pcg.channel	1597881600	15.167245529146701
pcg.channel	1597885200	18.975499154664853
pcg.channel	1597888800	16.23527196939035
pcg.channel	1597892400	20.927257348197696
pcg.channel	1597896000	20.200240982301114
pcg.channel	1597899600	25.136978739254577
pcg.channel	1597903200	27.006494667424334
pcg.channel	1597906800	27.684649430880476
pcg.channel	1597910400	23.148537639975487
pcg.channel	1597914000	23.300154070703172
pcg.channel	1597917600	28.34067730869642
pcg.channel	1597921200	26.972227154585113
pcg.channel	1597924800	26.329960541066228
pcg.channel	1597928400	28.843808643979056
pcg.channel	1597932000	28.295041592909005
pcg.channel	1597935600	28.52918740424775
pcg.channel	1597939200	29.65015281964869
pcg.channel	1597942800	30.063227577860008
pcg.channel	1597946400	31.17125518375876
pcg.channel	1597950000	30.310753889818393
pcg.channel	1597953600	30.102732513880003
pcg.channel	1597957200	29.698011131111166
pcg.channel	1597960800	30.002526840325544
pcg.channel	1597964400	26.275578415194374
pcg.channel	1597968000	25.672096621691814
pcg.channel	1597971600	29.38811370642733
pcg.channel	1597975200	27.413286310715055
pcg.channel	1597978800	28.061472758414368
pcg.channel	1597982400	25.86239269856756
pcg.channel	1597986000	26.784066537261257
pcg.channel	1597989600	24.20462286503016
pcg.channel	1597993200	23.044946482978983
pcg.channel	1597996800	20.775482777361162
pcg.channel	1598000400	16.403637269080296
pcg.channel	1598004000	21.28922156321122
pcg.channel	1598007600	23.477711635444226
pcg.channel	1598011200	14.19596332859721
pcg.channel	1598014800	20.16318985387515
pcg.channel	1598018400	18.74738432938036
pcg.channel	1598022000	20.889251857399376
pcg.channel	1598025600	18.361865111903228
pcg.channel	1598029200	15.981069252073466
pcg.channel	1598032800	15.50672926704721
pcg.channel	1598036400	15.28971761275197
pcg.channel	1598040000	12.567361927461407
pcg.channel	1598043600	13.713428984758686
pcg.channel	1598047200	14.857190801323497
ssp.channel	1596240000	45.56751034250229
ssp.channel	1596243600	46.931265553920696
ssp.channel	1596247200	51.544189406403504
ssp.channel	1596250800	42.17396459438189
ssp.channel	1596254400	50.15538110070856
ssp.channel	1596258000	51.822458551770296
ssp.channel	1596261600	44.89436825567425
ssp.channel	1596265200	37.26737494185933
ssp.channel	1596268800	37.41507814781692
ssp.channel	1596272400	37.549815818378065
ssp.channel	1596276000	35.631950872474285
ssp.channel	1596279600	32.98881273025686
ssp.channel	1596283200	40.65858978329207
ssp.channel	1596286800	32.591358536781335
ssp.channel	1596290400	33.82914435404447
ssp.channel	1596294000	27.779851848535877
ssp.channel	1596297600	24.564384079735863
ssp.channel	1596301200	28.45937907664492
ssp.channel	1596304800	33.07180535125121
ssp.channel	1596308400	26.381051457551717
ssp.channel	1596312000	30.4767251678468
ssp.channel	1596315600	23.60032725782429
ssp.channel	1596319200	23.797412223088358
ssp.channel	1596322800	22.159879142433965
ssp.channel	1596326400	23.5270112839234
ssp.channel	1596330000	23.965966395097904
ssp.channel	1596333600	25.29072806539572
ssp.channel	1596337200	24.37542974993904
ssp.channel	1596340800	24.16417805196265
ssp.channel	1596344400	31.53664079774628
ssp.channel	1596348000	26.10289147325277
ssp.channel	1596351600	28.855698954523767
ssp.channel	1596355200	26.581180853377433
ssp.channel	1596358800	35.79890631736954
ssp.channel	1596362400	28.855960971545564
ssp.channel	1596366000	43.27544839067173
ssp.channel	1596369600	35.51752367766016
ssp.channel	1596373200	31.993793303880665
ssp.channel	1596376800	43.3142809704942
ssp.channel	1596380400	46.6904565615256
ssp.channel	1596384000	46.46963158765524
ssp.channel	1596387600	38.319616401365124
ssp.channel	1596391200	44.7000705833029
ssp.channel	1596394800	53.95887696728728
ssp.channel	1596398400	55.679786994888616
ssp.channel	1596402000	44.835937818695385
ssp.channel	1596405600	51.48772802654811
ssp.channel	1596409200	57.50836176284757
ssp.channel	1596412800	57.197009911451424
ssp.channel	1596416400	56.051852621235575
ssp.channel	1596420000	58.452631076147775
ssp.channel	1596423600	54.09365297153974
ssp.channel	1596427200	55.91821365351114
ssp.channel	1596430800	56.596142258154394
ssp.channel	1596434400	57.067094571605935
ssp.channel	1596438000	56.12313329032066
ssp.channel	1596441600	55.38496566696088
ssp.channel	1596445200	53.625623855776816
ssp.channel	1596448800	50.95401967063569
ssp.channel	1596452400	52.7366871393972
ssp.channel	1596456000	50.843644058965836
ssp.channel	1596459600	49.962160621440894
ssp.channel	1596463200	48.783463201278195
ssp.channel	1596466800	40.57113036015424
ssp.channel	1596470400	47.080007899446144
ssp.channel	1596474000	47.199850067282675
ssp.channel	1596477600	45.95462921098782
ssp.channel	1596481200	49.19774757780994
ssp.channel	1596484800	43.00416520755257
ssp.channel	1596488400	37.326846711547695
ssp.channel	1596492000	35.29860529684872
ssp.channel	1596495600	34.8728391773192
ssp.channel	1596499200	35.830242608188264
ssp.channel	1596502800	37.33224784759755
ssp.channel	1596506400	38.82805779329044
ssp.channel	1596510000	41.95640297247307
ssp.channel	1596513600	34.292469975061564
ssp.channel	1596517200	37.665105405003395
ssp.channel	1596520800	28.405871791781372
ssp.channel	1596524400	32.02084471614834
ssp.channel	1596528000	29.3521411877896
ssp.channel	1596531600	26.36819634256823
ssp.channel	1596535200	30.047919173138407
ssp.channel	1596538800	26.938681561236834
ssp.channel	1596542400	27.483996801927557
ssp.channel	1596546000	26.952918880264537
ssp.channel	1596549600	26.518187584642575
ssp.channel	1596553200	26.950642545484435
ssp.channel	1596556800	25.881404334568643
ssp.channel	1596560400	29.20998495203418
ssp.channel	1596564000	36.764273929419694
ssp.channel	1596567600	34.10933370012021
ssp.channel	1596571200	41.299746119211015
ssp.channel	1596574800	35.227510926033105
ssp.channel	1596578400	38.984079891189936
ssp.channel	1596582000	47.55195624808821
ssp.channel	1596585600	36.17399094968958
ssp.channel	1596589200	39.63693174247216
ssp.channel	1596592800	48.80377081670555
ssp.channel	1596596400	42.42652598555584
ssp.channel	1596600000	51.76208574311917
ssp.channel	1596603600	48.009711826008996
ssp.channel	1596607200	44.57191974686631
ssp.channel	1596610800	47.44641718454658
ssp.channel	1596614400	61.92972218104024
ssp.channel	1596618000	55.3738433947278
ssp.channel	1596621600	70.81286320732825
ssp.channel	1596625200	74.7678415404955
ssp.channel	1596628800	75.3011338613552
ssp.channel	1596632400	73.6828963071259
ssp.channel	1596636000	77.73454016313943
ssp.channel	1596639600	77.23058395314364
ssp.channel	1596643200	76.8338858306038
ssp.channel	1596646800	79.40738495226903
ssp.channel	1596650400	80.23109189917798
ssp.channel	1596654000	78.9506332454736
ssp.channel	1596657600	78.19927668018342
ssp.channel	1596661200	77.55052658819521
ssp.channel	1596664800	77.53710008021108
ssp.channel	1596668400	69.88130394469987
ssp.channel	1596672000	75.50901496783372
ssp.channel	1596675600	75.8754110458834
ssp.channel	1596679200	70.50106793675302
ssp.channel	1596682800	61.103252496309146
ssp.channel	1596686400	64.88152902832934
ssp.channel	1596690000	69.42680532449604
ssp.channel	1596693600	56.19561543936924
ssp.channel	1596697200	48.59812752604385
ssp.channel	1596700800	62.472244731904084
ssp.channel	1596704400	56.99116218641478
ssp.channel	1596708000	51.826399152806516
ssp.channel	1596711600	39.641485559951505
ssp.channel	1596715200	42.150757028220525
ssp.channel	1596718800	52.22982217341139
ssp.channel	1596722400	50.839142420440226
ssp.channel	1596726000	52.29030396407097
ssp.channel	1596729600	49.173373133523654
ssp.channel	1596733200	42.1647921850332
ssp.channel	1596736800	44.683537137008635
ssp.channel	1596740400	34.58394963872996
ssp.channel	1596744000	37.54570547833106
ssp.channel	1596747600	33.63817102029614
ssp.channel	1596751200	34.70409136331068
ssp.channel	1596754800	36.58128341387054
ssp.channel	1596758400	35.51023073479323
ssp.channel	1596762000	36.924284230736
ssp.channel	1596765600	34.2640920393483
ssp.channel	1596769200	39.69548193363701
ssp.channel	1596772800	42.033335985043834
ssp.channel	1596776400	35.73338008306398
ssp.channel	1596780000	39.381642701467214
ssp.channel	1596783600	46.73369673326124
ssp.channel	1596787200	42.11798712786191
ssp.channel	1596790800	34.588135064940474
ssp.channel	1596794400	52.498836801489745
ssp.channel	1596798000	51.092292060645676
ssp.channel	1596801600	46.055774420073206
ssp.channel	1596805200	41.588638747300784
ssp.channel	1596808800	34.55199297936758
ssp.channel	1596812400	38.98331531127143
ssp.channel	1596816000	43.37983264049479
ssp.channel	1596819600	50.92031524381315
ssp.channel	1596823200	38.91222773881219
ssp.channel	1596826800	41.944184295108435
ssp.channel	1596830400	52.68704924307308
ssp.channel	1596834000	42.604281675300086
ssp.channel	1596837600	42.17757105832315
ssp.channel	1596841200	50.35906745264959
ssp.channel	1596844800	51.66039787659457
ssp.channel	1596848400	48.51944558064548
ssp.channel	1596852000	50.63098426700592
ssp.channel	1596855600	47.785582578866375
ssp.channel	1596859200	53.13175917430468
ssp.channel	1596862800	50.39044993122478
ssp.channel	1596866400	50.75196502174866
ssp.channel	1596870000	50.89001864161255
ssp.channel	1596873600	50.15443348681556
ssp.channel	1596877200	49.745588002291804
ssp.channel	1596880800	46.131859946654366
ssp.channel	1596884400	47.11455535777153
ssp.channel	1596888000	43.076460802309654
ssp.channel	1596891600	49.35313447739333
ssp.channel	1596895200	41.066079163901975
ssp.channel	1596898800	37.82114017888141
ssp.channel	1596902400	48.52240694738771
ssp.channel	1596906000	35.833815512336216
ssp.channel	1596909600	33.30617699457672
ssp.channel	1596913200	38.24634337670396
ssp.channel	1596916800	41.5498298515018
ssp.channel	1596920400	42.25859117164861
ssp.channel	1596924000	42.254199455144814
ssp.channel	1596927600	30.1426078425822
ssp.channel	1596931200	33.579298974122096
ssp.channel	1596934800	33.1079122859814
ssp.channel	1596938400	33.7740181238396
ssp.channel	1596942000	26.766141473376468
ssp.channel	1596945600	25.275080041357015
ssp.channel	1596949200	23.988670196047778
ssp.channel	1596952800	28.140484875649953
ssp.channel	1596956400	26.91269562679113
ssp.channel	1596960000	26.82176001110666
ssp.channel	1596963600	21.749941924919
ssp.channel	1596967200	21.79993668992573
ssp.channel	1596970800	20.694504655787977
ssp.channel	1596974400	21.758863638603696
ssp.channel	1596978000	21.133778041073917
ssp.channel	1596981600	20.518495613042546
ssp.channel	1596985200	21.41417958159125
ssp.channel	1596988800	26.790045429462335
ssp.channel	1596992400	20.744495233604148
ssp.channel	1596996000	29.072683171916875
ssp.channel	1596999600	26.908896047472616
ssp.channel	1597003200	28.903742809663186
ssp.channel	1597006800	32.985930315328524
ssp.channel	1597010400	24.485892159796478
ssp.channel	1597014000	33.64142416056394
ssp.channel	1597017600	38.35935982407214
ssp.channel	1597021200	36.29640890453162
ssp.channel	1597024800	30.635849705742533
ssp.channel	1597028400	34.8051239029247
ssp.channel	1597032000	34.03358184751075
ssp.channel	1597035600	35.52072589445577
ssp.channel	1597039200	25.690765342448017
ssp.channel	1597042800	32.189454129958506
ssp.channel	1597046400	37.62310389771373
ssp.channel	1597050000	37.389479936051316
ssp.channel	1597053600	31.75502006829099
ssp.channel	1597057200	34.07635454188709
ssp.channel	1597060800	35.440523876447386
ssp.channel	1597064400	33.89770233518654
ssp.channel	1597068000	40.009643640966985
ssp.channel	1597071600	38.55954007330933
ssp.channel	1597075200	39.782313552703755
ssp.channel	1597078800	41.40091909545161
ssp.channel	1597082400	40.97910367533234
ssp.channel	1597086000	39.02942320622629
ssp.channel	1597089600	38.9348113794574
ssp.channel	1597093200	40.99221345909464
ssp.channel	1597096800	42.37035391638832
ssp.channel	1597100400	43.03728529798633
ssp.channel	1597104000	45.82540838186568
ssp.channel	1597107600	44.59454147295348
ssp.channel	1597111200	45.588772690422964
ssp.channel	1597114800	43.593616929351064
ssp.channel	1597118400	44.42742622094315
ssp.channel	1597122000	32.468584989855245
ssp.channel	1597125600	29.379988172084737
ssp.channel	1597129200	27.637892953791695
ssp.channel	1597132800	36.71494547180384
ssp.channel	1597136400	24.933315678022655
ssp.channel	1597140000	28.696964395177453
ssp.channel	1597143600	24.61934509312811
ssp.channel	1597147200	23.584514260139372
ssp.channel	1597150800	30.896001123005693
ssp.channel	1597154400	28.424145951923478
ssp.channel	1597158000	18.78269575274055
ssp.channel	1597161600	17.929418243332904
ssp.channel	1597165200	20.060243082835623
ssp.channel	1597168800	20.167200388886954
ssp.channel	1597172400	18.902792268806188
ssp.channel	1597176000	16.698102676880833
ssp.channel	1597179600	18.996583067747533
ssp.channel	1597183200	16.918936393280223
ssp.channel	1597186800	17.634332441043444
ssp.channel	1597190400	17.29232362961689
ssp.channel	1597194000	18.120270932752767
ssp.channel	1597197600	18.361818076569907
ssp.channel	1597201200	20.688278541094828
ssp.channel	1597204800	20.380393466017654
ssp.channel	1597208400	19.1053328463272
ssp.channel	1597212000	18.92434921864521
ssp.channel	1597215600	19.88061185402126
ssp.channel	1597219200	22.39419724560109
ssp.channel	1597222800	22.502696877261826
ssp.channel	1597226400	23.734523762822437
ssp.channel	1597230000	29.44778672229628
ssp.channel	1597233600	24.167768728444717
ssp.channel	1597237200	32.21574816485968
ssp.channel	1597240800	27.814963360897252
ssp.channel	1597244400	33.817640314517305
ssp.channel	1597248000	31.875354992758755
ssp.channel	1597251600	34.047454391423514
ssp.channel	1597255200	39.47722506966456
ssp.channel	1597258800	46.61577856806507
ssp.channel	1597262400	39.66354098524786
ssp.channel	1597266000	46.2937282860925
ssp.channel	1597269600	43.881088365119915
ssp.channel	1597273200	47.54212176424184
ssp.channel	1597276800	43.98711206604628
ssp.channel	1597280400	45.90040612119902
ssp.channel	1597284000	45.07295531107156
ssp.channel	1597287600	47.325203930133156
ssp.channel	1597291200	47.70409608551553
ssp.channel	1597294800	49.28452287464357
ssp.channel	1597298400	51.48178284488784
ssp.channel	1597302000	51.73721569145335
ssp.channel	1597305600	51.17719281107239
ssp.channel	1597309200	48.362862070176675
ssp.channel	1597312800	48.17337761493769
ssp.channel	1597316400	46.39964962305618
ssp.channel	1597320000	41.9882010694914
ssp.channel	1597323600	40.55016157787443
ssp.channel	1597327200	42.67187206197516
ssp.channel	1597330800	40.407458575620865
ssp.channel	1597334400	44.88549464167428
ssp.channel	1597338000	39.796641028643066
ssp.channel	1597341600	42.09683580189188
ssp.channel	1597345200	44.11038028904657
ssp.channel	1597348800	42.398758881388225
ssp.channel	1597352400	38.82400821213933
ssp.channel	1597356000	31.493926651125598
ssp.channel	1597359600	31.536484888596164
ssp.channel	1597363200	34.21233382012234
ssp.channel	1597366800	38.08294278689682
ssp.channel	1597370400	31.948729701920392
ssp.channel	1597374000	25.683967823249834
ssp.channel	1597377600	23.99985643403661
ssp.channel	1597381200	23.654045146086197
ssp.channel	1597384800	22.14879068048878
ssp.channel	1597388400	24.24778140611517
ssp.channel	1597392000	26.969104704692924
ssp.channel	1597395600	21.329806761463466
ssp.channel	1597399200	21.830521063631547
ssp.channel	1597402800	23.06992546909983
ssp.channel	1597406400	21.323289531921983
ssp.channel	1597410000	20.98341746501966
ssp.channel	1597413600	22.91301309670942
ssp.channel	1597417200	22.956650007579828
ssp.channel	1597420800	27.937575249802915
ssp.channel	1597424400	23.598659639847885
ssp.channel	1597428000	24.77002529000031
ssp.channel	1597431600	30.899105731613904
ssp.channel	1597435200	31.90473021020811
ssp.channel	1597438800	29.32997908315027
ssp.channel	1597442400	25.478233346029317
ssp.channel	1597446000	21.695651324830532
ssp.channel	1597449600	34.1436369527206
ssp.channel	1597453200	33.95430483205786
ssp.channel	1597456800	22.593945756333483
ssp.channel	1597460400	23.86140736965647
ssp.channel	1597464000	32.037299461439964
ssp.channel	1597467600	35.72189689459904
ssp.channel	1597471200	32.528063050141284
ssp.channel	1597474800	42.63227945095801
ssp.channel	1597478400	38.63191149514128
ssp.channel	1597482000	38.02084668222506
ssp.channel	1597485600	37.0699109864656
ssp.channel	1597489200	41.81197957643066
ssp.channel	1597492800	37.15575196283015
ssp.channel	1597496400	40.01109238194167
ssp.channel	1597500000	44.493828794017034
ssp.channel	1597503600	46.541091880687375
ssp.channel	1597507200	46.685283625650825
ssp.channel	1597510800	45.27736330036356
ssp.channel	1597514400	41.04323326680627
ssp.channel	1597518000	40.012605754372785
ssp.channel	1597521600	39.70155081470105
ssp.channel	1597525200	41.75415577935216
ssp.channel	1597528800	37.62576020756397
ssp.channel	1597532400	37.236602032371486
ssp.channel	1597536000	34.17000957772197
ssp.channel	1597539600	30.660069189280595
ssp.channel	1597543200	29.989145238009936
ssp.channel	1597546800	28.703793965079416
ssp.channel	1597550400	28.79547189705888
ssp.channel	1597554000	26.07185321260657
ssp.channel	1597557600	20.893716809025403
ssp.channel	1597561200	17.8639637250727
ssp.channel	1597564800	23.49979994495798
ssp.channel	1597568400	20.55941921223946
ssp.channel	1597572000	17.110355715737803
ssp.channel	1597575600	20.293621649053122
ssp.channel	1597579200	15.699158607865371
ssp.channel	1597582800	16.815536361581234
ssp.channel	1597586400	15.770786768495714
ssp.channel	1597590000	15.906527989774819
ssp.channel	1597593600	17.09366765132496
ssp.channel	1597597200	17.282222434464515
ssp.channel	1597600800	13.377891911323873
ssp.channel	1597604400	14.33098441071622
ssp.channel	1597608000	12.164347681396354
ssp.channel	1597611600	8.267422399109766
ssp.channel	1597615200	8.122683627458043
ssp.channel	1597618800	6.764210578798462
ssp.channel	1597622400	9.595136518003077
ssp.channel	1597626000	10.25702905010995
ssp.channel	1597629600	9.879147386050025
ssp.channel	1597633200	10.990295174136207
ssp.channel	1597636800	10.776307473607542
ssp.channel	1597640400	9.07998348509247
ssp.channel	1597644000	11.97983557064986
ssp.channel	1597647600	7.5472628790846
ssp.channel	1597651200	15.106205107087979
ssp.channel	1597654800	14.120425546222139
ssp.channel	1597658400	10.375765372659139
ssp.channel	1597662000	11.876629825919188
ssp.channel	1597665600	13.34679344435348
ssp.channel	1597669200	11.031985040494817
ssp.channel	1597672800	12.10238334662143
ssp.channel	1597676400	14.339297711767113
ssp.channel	1597680000	18.315274361979903
ssp.channel	1597683600	21.028057591002987
ssp.channel	1597687200	15.703778343170661
ssp.channel	1597690800	19.795045261804933
ssp.channel	1597694400	22.493432503974226
ssp.channel	1597698000	22.319921457508375
ssp.channel	1597701600	25.71068748377435
ssp.channel	1597705200	24.663260883530647
ssp.channel	1597708800	28.904525543092575
ssp.channel	1597712400	23.5191444144875
ssp.channel	1597716000	22.525875750164136
ssp.channel	1597719600	21.60973549557075
ssp.channel	1597723200	24.039258790114314
ssp.channel	1597726800	27.122411855354148
ssp.channel	1597730400	24.98652308751946
ssp.channel	1597734000	26.679841806835004
ssp.channel	1597737600	25.448921039217524
ssp.channel	1597741200	24.16658308849213
ssp.channel	1597744800	26.746630893968582
ssp.channel	1597748400	26.387709993108846
ssp.channel	1597752000	25.381006421197856
ssp.channel	1597755600	27.21368045189029
ssp.channel	1597759200	28.008320153716436
ssp.channel	1597762800	25.314676328487227
ssp.channel	1597766400	26.88491436312952
ssp.channel	1597770000	23.498290604947286
ssp.channel	1597773600	35.768127759459105
ssp.channel	1597777200	30.458803698945907
ssp.channel	1597780800	29.86718585096976
ssp.channel	1597784400	27.19577613375337
ssp.channel	1597788000	16.04847473493734
ssp.channel	1597791600	14.232474255824345
ssp.channel	1597795200	19.688149138146354
ssp.channel	1597798800	20.2125364400598
ssp.channel	1597802400	11.92408664447137
ssp.channel	1597806000	18.42387443751409
ssp.channel	1597809600	14.719341763427623
ssp.channel	1597813200	12.665788890917455
ssp.channel	1597816800	11.318726077918912
ssp.channel	1597820400	10.981224669675782
ssp.channel	1597824000	11.231896906934207
ssp.channel	1597827600	10.463901268516583
ssp.channel	1597831200	12.455474868983847
ssp.channel	1597834800	11.812640717975961
ssp.channel	1597838400	11.166985124541132
ssp.channel	1597842000	11.310671561303705
ssp.channel	1597845600	10.67708609951909
ssp.channel	1597849200	13.567325955226323
ssp.channel	1597852800	11.382530549418416
ssp.channel	1597856400	10.403149434915601
ssp.channel	1597860000	14.99196611790783
ssp.channel	1597863600	15.805767644099294
ssp.channel	1597867200	13.217525194460647
ssp.channel	1597870800	22.50232332942154
ssp.channel	1597874400	25.061532765348478
ssp.channel	1597878000	24.610550617650553
ssp.channel	1597881600	25.052981615343754
ssp.channel	1597885200	23.19131849092677
ssp.channel	1597888800	21.854375827034183
ssp.channel	1597892400	23.277189469329
ssp.channel	1597896000	32.378837281574185
ssp.channel	1597899600	28.532764325774128
ssp.channel	1597903200	28.131997643766187
ssp.channel	1597906800	32.400892835478565
ssp.channel	1597910400	35.85297490030217
ssp.channel	1597914000	30.211535620348144
ssp.channel	1597917600	35.49904595922449
ssp.channel	1597921200	32.48941515259972
ssp.channel	1597924800	36.203296049618885
ssp.channel	1597928400	39.74872182765604
ssp.channel	1597932000	34.90709070251338
ssp.channel	1597935600	34.85283206753204
ssp.channel	1597939200	40.08798317086521
ssp.channel	1597942800	37.30326878541166
ssp.channel	1597946400	38.429375863204704
ssp.channel	1597950000	38.337880461952885
ssp.channel	1597953600	36.267743114226185
ssp.channel	1597957200	37.49486104867585
ssp.channel	1597960800	35.225679049390116
ssp.channel	1597964400	36.563514397866875
ssp.channel	1597968000	36.652793759621844
ssp.channel	1597971600	38.81318860613688
ssp.channel	1597975200	35.92963114387639
ssp.channel	1597978800	29.873175007212613
ssp.channel	1597982400	36.786594603939925
ssp.channel	1597986000	29.755685835633237
ssp.channel	1597989600	26.696851510995867
ssp.channel	1597993200	26.924906014924318
ssp.channel	1597996800	29.667839645478484
ssp.channel	1598000400	28.347798915300988
ssp.channel	1598004000	22.58957710504578
ssp.channel	1598007600	24.47335851448406
ssp.channel	1598011200	25.415936700108162
ssp.channel	1598014800	25.48954405437944
ssp.channel	1598018400	19.363442906252068
ssp.channel	1598022000	17.198395899681657
ssp.channel	1598025600	17.933725320410478
ssp.channel	1598029200	20.300941991283082
ssp.channel	1598032800	20.375516127078043
ssp.channel	1598036400	15.412391363667654
ssp.channel	1598040000	15.376008230922363
ssp.channel	1598043600	14.038296758355914
ssp.channel	1598047200	15.707579880541008
